Original_Price,Discount_Percent,Stock_Quantity,Rating,Category_Code,Sales_Units
3119,10,16,4.5,1,109
3271,50,149,3.2,3,176
630,10,33,3.4,0,145
3372,40,117,3.4,2,148
3815,10,50,4.4,2,90
3627,20,36,3.2,0,105
1970,20,77,4.6,3,141
2050,10,85,4.7,2,132
2864,15,27,3.1,1,108
4003,15,35,3.8,3,79
3103,20,51,3.7,1,115
3299,50,28,4.2,1,176
2687,50,72,3.3,3,177
3318,40,66,4.4,0,172
1438,10,90,3.8,0,140
4089,50,90,3.4,3,171
2120,50,127,3.3,1,185
1576,50,119,4.8,3,215
1982,15,45,4.0,0,136
1126,50,50,4.6,3,205
2942,10,108,3.8,3,93
4025,10,39,4.4,2,84
3648,50,97,3.2,3,165
3457,50,77,4.9,1,188
2579,10,86,4.7,1,126
2709,40,10,4.2,3,175
579,10,102,4.8,2,169
2823,10,31,4.5,0,117
3615,40,42,3.3,3,148
2661,40,118,4.9,1,178
3420,20,112,5.0,2,123
995,15,67,3.1,0,148
2909,40,68,4.2,0,172
1437,10,18,4.7,0,151
2605,15,81,4.3,1,120
4114,40,131,3.5,3,139
3807,30,58,3.2,3,117
4038,50,23,4.3,0,176
748,30,96,4.6,0,190
2337,15,118,3.4,3,124
1523,10,123,4.6,0,159
3924,10,33,4.9,1,99
1181,30,134,4.0,3,177
508,30,77,4.9,3,197
1668,30,134,3.3,2,159
3513,40,25,4.5,0,163
705,40,132,4.0,1,202
3987,15,27,4.2,1,97
2153,10,73,4.2,0,123
2890,40,143,3.6,2,157
1336,50,90,3.5,3,201
2372,20,28,3.0,0,129
800,40,64,4.0,1,204
4101,15,104,3.6,3,83
3915,40,87,4.2,0,149
4316,50,36,4.9,1,172
1583,10,37,4.5,1,142
3439,20,62,4.4,2,125
2570,30,74,4.8,0,164
1633,10,10,3.7,1,134
3109,20,51,4.5,3,126
4370,50,48,4.1,2,166
2885,40,47,3.9,0,160
3760,10,101,3.4,1,88
3231,10,100,4.6,3,113
4291,15,51,5.0,1,98
4110,30,16,3.4,2,118
3243,50,73,3.5,0,169
2066,10,130,3.4,3,114
4068,15,67,3.0,1,86
2132,20,81,4.7,2,147
3283,40,94,4.9,0,173
4092,20,55,4.2,2,110
1915,50,90,3.9,0,196
2077,40,58,3.5,3,180
2705,50,60,3.7,0,183
4386,50,94,4.2,0,167
1766,50,114,3.7,2,191
2770,15,59,3.8,3,113
3021,40,87,3.8,0,153
1744,20,63,3.9,2,144
1375,40,131,4.6,1,196
3198,10,82,4.0,2,108
1462,50,89,3.4,1,200
1103,10,21,3.5,3,136
2365,30,59,4.4,3,155
2524,30,72,3.3,0,150
4126,10,118,3.4,3,67
705,40,73,4.8,0,200
3234,40,91,4.9,3,172
3009,50,139,3.9,3,186
2444,30,76,4.5,2,155
3636,40,134,4.3,2,151
1460,20,95,3.6,0,152
1066,15,69,3.8,1,153
2169,20,148,3.9,0,138
1347,30,109,4.8,0,186
2058,30,11,4.9,2,165
3586,30,117,4.1,1,131
2489,10,109,3.7,3,113
3466,15,129,4.8,0,118
3215,10,31,4.3,1,100
4050,30,56,3.1,3,112
1882,30,81,4.5,3,173
1533,10,130,3.0,0,129
3162,10,20,4.5,1,107
1316,10,49,3.5,3,134
1392,30,75,4.5,1,173
2981,40,39,4.6,1,172
605,20,106,3.8,1,169
811,40,72,3.2,2,189
995,40,20,3.7,3,185
3209,20,27,4.0,2,124
2507,10,120,4.9,3,127
3397,15,121,3.4,2,92
3672,30,129,3.9,2,125
1820,15,32,3.6,3,135
2999,50,107,3.7,3,183
3985,20,56,4.0,2,105
4105,40,80,4.1,1,144
850,15,114,4.0,1,158
2510,30,14,3.2,1,137
2156,50,72,3.6,2,183
2242,50,150,3.7,3,189
1609,20,74,3.5,1,143
4394,50,57,3.4,3,164
1632,50,144,4.2,0,204
1978,15,87,3.0,1,121
1623,10,23,4.1,1,132
920,10,82,3.9,3,145
1895,15,23,3.5,3,133
2514,10,23,3.3,2,108
848,15,40,4.1,3,156
1424,40,107,3.9,3,181
1717,40,119,3.6,0,172
4381,15,64,3.5,0,75
1143,15,54,4.1,1,159
2932,30,84,3.1,2,134
3395,20,126,3.1,1,112
3060,40,60,3.9,1,158
3152,15,78,4.7,0,126
2937,50,83,3.9,3,185
3320,20,113,4.9,3,123
4143,30,92,4.2,0,128
874,15,15,5.0,2,165
1217,30,142,4.3,2,175
1243,40,121,4.3,3,197
2172,20,92,4.3,1,143
1850,30,136,3.6,3,161
2362,10,90,3.5,0,108
4473,30,141,4.6,0,122
2192,10,58,4.0,3,118
3061,30,23,3.4,1,139
3360,30,41,3.1,1,125
3407,15,89,4.1,3,117
4239,10,128,4.9,1,94
2541,50,84,4.0,2,184
2434,15,126,4.1,3,130
1280,40,140,4.5,1,197
3735,30,97,4.9,2,139
3860,10,82,4.5,3,94
2483,20,95,4.1,3,132
2365,20,58,5.0,1,146
3676,30,21,3.6,3,126
3388,30,108,5.0,1,148
2557,40,94,4.7,3,178
908,40,126,3.0,1,177
1132,10,130,4.6,2,157
1886,40,111,4.3,2,188
2056,20,134,4.7,0,145
3029,10,70,4.3,2,114
2277,10,35,3.9,2,119
4200,10,21,3.6,0,72
1096,15,145,3.8,1,156
1196,15,30,4.2,3,153
4238,40,46,3.5,2,136
2382,20,12,4.8,3,151
1147,10,123,4.9,2,153
3117,30,74,3.9,2,141
2479,10,70,3.8,2,118
2854,20,85,3.0,3,114
3309,50,22,4.8,3,193
3911,20,68,4.2,2,109
1526,50,45,4.3,0,207
1765,30,18,4.2,1,170
3561,30,54,3.4,2,128
2674,40,79,4.7,2,185
4462,20,96,4.6,3,97
4444,10,46,4.5,1,82
2127,40,103,3.2,3,162
557,20,147,3.2,2,160
2894,30,105,3.2,1,130
2431,10,93,4.8,1,123
2401,50,87,4.3,0,189
1072,10,19,3.6,3,145
2701,15,109,3.9,3,121
2905,50,49,4.8,0,196
4346,20,18,4.4,1,97
2316,30,70,4.7,0,168
4193,50,101,3.1,2,156
1277,10,126,3.2,1,130
587,10,95,3.5,1,149
3723,40,62,3.1,1,135
1454,20,47,4.6,0,158
1635,15,43,4.1,1,151
1039,10,101,4.6,1,161
2911,20,14,3.3,0,120
965,50,26,4.0,2,211
2602,40,37,3.9,1,169
3708,50,143,3.6,0,168
749,30,112,3.9,0,173
801,10,92,4.2,0,157
1016,20,150,4.4,3,173
2358,40,120,3.2,0,163
3993,50,65,3.9,1,162
2133,30,34,3.6,2,158
3224,20,105,4.9,3,137
881,30,34,4.5,2,190
3825,15,25,4.2,2,97
4078,50,118,4.7,0,174
4466,20,89,3.7,1,94
3970,10,99,4.7,2,95
970,20,67,4.6,0,167
3340,20,17,3.4,2,106
4274,20,99,3.0,1,83
1081,50,17,3.2,1,195
2040,30,126,3.7,2,155
4356,40,31,4.8,1,156
1144,40,22,4.3,2,191
2986,30,116,3.5,0,139
1913,30,38,3.6,3,154
1403,30,24,3.0,2,159
4372,15,45,4.5,2,91
3559,30,54,3.3,1,126
2549,40,100,3.1,0,155
818,20,119,4.1,3,171
1685,10,113,3.0,2,127
2384,50,102,3.2,0,189
1496,30,112,4.0,3,174
1407,20,53,3.2,0,141
2673,40,59,4.8,2,172
3143,15,70,3.2,2,110
1308,15,49,4.5,0,159
2523,30,124,4.4,2,163
4039,50,90,3.3,0,156
3761,20,24,3.7,0,106
1771,30,125,3.1,2,155
4039,10,139,3.8,0,77
2342,40,58,3.6,3,158
2345,10,97,5.0,0,131
